draw,qp,alpha_i,b1,phi,psi,om,si,d1,d2,d3,pA1,pA2,pA3,pA4,g0,g1,g2,qc
1,0.0948949,0.647702,1.9976,0.623268,0.232273,363.381,5.04761,0.868428,0.825323,0.349203,0.0412959,0.161329,0.514652,0.77333,6.59634,0.855432,0.764288,0.998613
2,0.0948282,0.48547,1.99916,0.617798,0.260072,346.394,3.99728,0.902254,0.707455,0.361814,0.149102,0.185611,0.521585,0.712978,5.96772,0.881848,0.887595,0.998298
3,0.0977587,0.500699,1.99902,0.615383,0.252753,344.637,4.45661,0.88509,0.715546,0.371497,0.0982312,0.142836,0.511277,0.741907,5.56244,0.90153,0.89723,0.995976
4,0.0956155,0.559326,1.99936,0.613049,0.257296,346.315,4.4408,0.884597,0.720357,0.364366,0.133648,0.186134,0.515825,0.683237,5.54434,0.898862,0.886592,0.999362
5,0.0956029,0.647308,1.99798,0.610462,0.226593,358.966,5.34214,0.899839,0.848706,0.332862,0.0786603,0.143022,0.523897,0.796103,6.38567,0.865275,0.759378,0.999603
6,0.0979993,0.491514,1.99965,0.617867,0.255467,349.514,4.30815,0.922891,0.673061,0.388989,0.109214,0.223242,0.539496,0.696655,5.55254,0.892863,0.91034,0.999754
7,0.0994826,0.680634,1.99879,0.614767,0.23883,359.485,5.12053,0.858077,0.829193,0.337803,0.145323,0.136342,0.536808,0.786482,5.83878,0.865735,0.802952,0.999331
8,0.098879,0.634952,1.99926,0.617939,0.251695,362.419,4.7318,0.897106,0.784943,0.328931,0.0686263,0.151301,0.529544,0.773722,6.17864,0.865176,0.783099,0.996373
9,0.0979614,0.548842,1.99988,0.612401,0.245307,348.039,4.80058,0.906507,0.735734,0.364701,0.0564109,0.186116,0.527761,0.695032,5.48493,0.89369,0.878919,0.999386
10,0.097807,0.662707,1.99871,0.614711,0.230284,358.448,5.19076,0.890321,0.819284,0.33187,0.123177,0.179444,0.53299,0.78349,5.97718,0.883069,0.803884,0.998937
11,0.099314,0.554355,1.99793,0.609456,0.241483,359.013,4.89905,0.925954,0.769561,0.335615,0.0580313,0.153701,0.504051,0.692117,6.24295,0.851573,0.796113,0.999209
12,0.0953749,0.695671,1.99697,0.615918,0.229819,359.186,5.07185,0.854711,0.818547,0.339026,0.133071,0.143218,0.502013,0.818292,6.41254,0.872921,0.777093,0.996753
13,0.0934997,0.639397,1.996,0.612736,0.238889,362.688,4.78207,0.882985,0.776338,0.349968,0.120929,0.113509,0.524783,0.88987,6.58929,0.891303,0.760249,0.997521
14,0.0985853,0.604665,1.99587,0.617484,0.257193,351.752,4.63505,0.90086,0.806765,0.322104,0.19098,0.217727,0.571178,0.674583,5.90286,0.828222,0.840339,0.998659
15,0.0976274,0.508088,1.99715,0.61421,0.240889,349.547,4.71863,0.909561,0.743559,0.362432,0.0474601,0.207607,0.535194,0.695151,5.69665,0.898732,0.880538,0.999272
16,0.098553,0.644383,1.99809,0.613179,0.232842,359.961,5.14929,0.909596,0.807917,0.325851,0.0800054,0.180252,0.492996,0.756042,6.12465,0.884688,0.767483,0.999903
17,0.0978288,0.603841,1.99792,0.609158,0.22707,362.978,5.20261,0.920507,0.782437,0.338855,0.0718656,0.196515,0.476867,0.758449,6.32049,0.870303,0.787376,0.998933
18,0.0965641,0.629611,1.99776,0.612377,0.232331,358.773,5.00804,0.904204,0.791709,0.331661,0.0702571,0.167273,0.506738,0.739098,6.31583,0.891839,0.775908,0.999276
19,0.0957811,0.483224,1.99548,0.617243,0.257578,347.63,4.18524,0.919979,0.685584,0.384166,0.0776602,0.188557,0.551999,0.65459,5.78031,0.87748,0.899817,0.998985
20,0.0991541,0.563223,1.99974,0.618031,0.23682,351.552,5.1798,0.947959,0.721411,0.365077,0.118738,0.137396,0.499752,0.626784,5.88619,0.888939,0.795739,0.999128
21,0.0956596,0.563085,1.9931,0.617798,0.220894,360.905,4.96095,0.863236,0.812811,0.354843,0.0125143,0.191132,0.477715,0.760526,6.1076,0.928981,0.821635,0.999643
22,0.096393,0.614151,1.99988,0.614446,0.232509,360.473,5.01776,0.856734,0.860524,0.333648,0.0943945,0.138273,0.51323,0.732379,6.27452,0.869321,0.787495,0.999344
23,0.0972572,0.581912,1.99955,0.617064,0.242411,359.161,4.74508,0.901498,0.820784,0.327302,0.0622904,0.149121,0.534447,0.772417,6.23031,0.883509,0.780641,0.999835
24,0.0979786,0.575412,1.99887,0.607258,0.235307,358.198,4.92712,0.901456,0.839963,0.317281,0.113682,0.147806,0.550249,0.74169,6.36155,0.874527,0.781368,0.999289
25,0.0976981,0.652846,1.99943,0.621408,0.253402,360.22,4.66339,0.907167,0.768048,0.334628,0.0787659,0.138741,0.510414,0.751784,5.88162,0.861359,0.809517,0.99949
26,0.0947628,0.631248,1.9884,0.611836,0.226211,359.669,5.04025,0.839902,0.831501,0.352074,0.14141,0.121659,0.534775,0.75583,6.68036,0.842998,0.799775,0.999985
27,0.0985967,0.641929,1.99952,0.614433,0.242472,355.984,4.9987,0.889446,0.784717,0.340104,0.0686541,0.164137,0.492989,0.748212,5.78509,0.877466,0.813029,0.999257
28,0.0948617,0.64904,1.99789,0.614122,0.234815,359.213,4.93594,0.8581,0.86163,0.32367,0.152577,0.120102,0.537939,0.784476,6.26821,0.892182,0.78573,0.99998
29,0.0962294,0.620749,1.99928,0.613295,0.236429,361.97,4.70904,0.893386,0.789176,0.325838,0.0721951,0.178501,0.506667,0.771491,6.20437,0.89898,0.808325,0.999131
30,0.0970058,0.631286,1.99732,0.6164,0.245472,352.975,4.71106,0.884975,0.80849,0.324881,0.080465,0.228391,0.498396,0.688793,5.94622,0.904225,0.779297,0.996305
31,0.0973818,0.674716,1.99795,0.617478,0.227895,364.909,5.32857,0.876277,0.842547,0.342352,0.0323038,0.144414,0.529374,0.788286,6.12884,0.878538,0.767478,0.998839
32,0.0982988,0.675029,1.99761,0.611224,0.230426,355.492,5.32761,0.868312,0.821782,0.335756,0.0998897,0.205738,0.500582,0.775269,6.23279,0.912208,0.724186,0.999995
33,0.094065,0.732359,1.9958,0.622098,0.225283,358.178,5.08274,0.831556,0.836152,0.341525,0.128936,0.113199,0.495705,0.814012,6.39307,0.87017,0.791767,0.999312
34,0.0984473,0.664242,1.99864,0.61223,0.242799,358.342,5.03934,0.878117,0.779298,0.341312,0.0889325,0.208606,0.45458,0.772964,5.77497,0.876307,0.814611,0.999111
35,0.0951936,0.720875,1.99615,0.615803,0.246989,361.508,4.82895,0.866897,0.801218,0.332596,0.13701,0.176303,0.551211,0.765372,5.73489,0.880635,0.844185,0.999663
36,0.0991393,0.575626,1.99887,0.618597,0.246996,354.413,4.7457,0.908118,0.754417,0.354709,0.064107,0.146276,0.535769,0.725642,5.66704,0.906934,0.819309,0.999624
37,0.0986453,0.572789,1.99843,0.613394,0.246373,362.252,4.68787,0.906267,0.78407,0.33129,0.0906776,0.127988,0.517585,0.733128,6.3096,0.835636,0.816277,0.99979
38,0.0975915,0.724633,1.999,0.616123,0.252247,356.35,4.97166,0.896777,0.797056,0.324167,0.0836241,0.199969,0.526932,0.747218,5.7766,0.895354,0.758953,0.999701
39,0.0987868,0.651945,1.99818,0.60899,0.244021,359.396,4.97179,0.920225,0.816571,0.306208,0.0790503,0.176646,0.517262,0.720382,6.07518,0.892216,0.754228,0.998318
40,0.0996735,0.692026,1.9937,0.608356,0.246248,359.444,5.20309,0.902881,0.786176,0.335555,0.158336,0.200765,0.513292,0.785649,5.89036,0.854994,0.776345,0.999863
41,0.0997404,0.692532,1.99783,0.609427,0.236567,357.686,5.21491,0.90932,0.804737,0.323191,0.117219,0.193286,0.524818,0.746867,5.86223,0.889649,0.765197,0.999715
42,0.0952889,0.582566,1.99529,0.613172,0.222958,358.789,5.12104,0.907227,0.761245,0.350919,0.141961,0.189339,0.461671,0.72546,6.20053,0.887907,0.836171,0.997335
43,0.0992001,0.594057,1.99694,0.609493,0.222194,357.071,5.25898,0.921878,0.752955,0.353274,0.0932053,0.20116,0.532592,0.701742,5.84296,0.895515,0.843293,0.999776
44,0.0969071,0.500744,1.9948,0.620473,0.252886,351.999,4.24463,0.921232,0.636784,0.412578,0.196684,0.196703,0.536805,0.668149,5.67033,0.890267,0.909011,0.999568
45,0.0982055,0.504856,1.99913,0.615519,0.261538,346.594,4.32088,0.910328,0.693309,0.384975,0.0812704,0.221816,0.577971,0.67378,5.42447,0.900155,0.900867,0.999215
46,0.0973417,0.692332,1.99961,0.615192,0.230977,357.544,5.24129,0.879571,0.815261,0.343021,0.105253,0.178691,0.537818,0.792512,5.75771,0.86092,0.838335,0.999354
47,0.094878,0.488485,1.99854,0.616853,0.254859,346.946,4.23648,0.914902,0.694079,0.376837,0.0974947,0.195188,0.501667,0.692338,5.62262,0.870746,0.935699,0.999524
48,0.0989372,0.572889,1.9981,0.611872,0.239474,362.155,4.72499,0.887087,0.792064,0.329398,0.107461,0.153274,0.497429,0.743404,6.40791,0.869671,0.791387,0.997447
49,0.0982693,0.722023,1.99907,0.60978,0.235677,358.165,5.23584,0.894734,0.816475,0.324749,0.107192,0.200738,0.523224,0.756788,5.77742,0.880255,0.79044,0.998303
50,0.0964851,0.505779,1.99818,0.617057,0.261405,342.978,4.27161,0.905414,0.729934,0.358207,0.106796,0.185543,0.549771,0.698761,5.81201,0.884773,0.86119,0.996343
51,0.0963551,0.559335,1.99753,0.611327,0.223128,354.652,5.14695,0.889745,0.772194,0.352214,0.0843554,0.21329,0.450665,0.742577,6.775,0.909767,0.736782,0.998687
52,0.0925661,0.621775,1.99748,0.612883,0.235048,357.895,4.54319,0.876167,0.808583,0.327064,0.162412,0.149262,0.525404,0.800981,6.54549,0.86662,0.828586,0.998093
53,0.0962235,0.64443,1.99534,0.618893,0.231202,361.847,4.92991,0.855157,0.916138,0.311167,0.142654,0.0841601,0.551565,0.818945,6.5225,0.860605,0.773326,0.998286
54,0.0948023,0.565977,1.99875,0.61198,0.22938,356.757,5.00003,0.915088,0.761092,0.349854,0.0841106,0.195712,0.49053,0.69292,6.07237,0.892288,0.848077,0.99956
55,0.0970576,0.65131,1.99769,0.612565,0.241287,361.961,4.98671,0.882998,0.856906,0.311764,0.0763591,0.157851,0.451636,0.738476,6.37904,0.850643,0.750345,0.999817
56,0.0964146,0.573766,1.97184,0.625029,0.250182,357.741,4.63691,0.865976,0.833086,0.354291,0.0950501,0.15772,0.498334,0.797876,5.85861,0.901741,0.789165,0.997346
57,0.096337,0.634348,1.99973,0.614926,0.236056,362.526,4.91735,0.893687,0.782423,0.335977,0.0992697,0.191266,0.469529,0.834073,6.19078,0.882273,0.809533,0.998688
58,0.0966912,0.666898,1.99903,0.616653,0.22554,359.119,5.0939,0.867518,0.849918,0.322161,0.149395,0.147054,0.498975,0.802352,6.31265,0.856146,0.808188,0.999578
59,0.0994599,0.645395,1.99645,0.622797,0.231281,361.33,5.21943,0.876944,0.844012,0.333365,0.0737955,0.139303,0.506434,0.740524,6.16398,0.861422,0.774849,0.999616
60,0.0980651,0.667254,1.99918,0.611439,0.242362,356.846,4.93819,0.891286,0.808912,0.324525,0.0874021,0.155141,0.536937,0.736023,5.81972,0.892317,0.795288,0.999573
61,0.0959148,0.512298,1.99895,0.616841,0.247705,356.999,4.64957,0.84609,0.829251,0.355181,0.14152,0.191288,0.488403,0.706446,6.32433,0.890311,0.778417,0.999441
62,0.099924,0.625627,1.9998,0.612507,0.239811,361.991,5.01896,0.91059,0.805539,0.317812,0.0693697,0.171242,0.505,0.751504,6.27932,0.899611,0.734341,0.999858
63,0.0986932,0.68932,1.99838,0.614732,0.24691,363.233,4.90889,0.897472,0.78294,0.331326,0.0537404,0.158428,0.509415,0.766666,5.89798,0.842442,0.816184,0.99998
64,0.0968799,0.506719,1.99938,0.611494,0.259131,350.035,4.26553,0.905383,0.663844,0.398108,0.18795,0.208311,0.554137,0.694534,5.48504,0.890159,0.930258,0.999052
65,0.0979256,0.638703,1.99899,0.617485,0.244966,361.062,4.83333,0.900324,0.831808,0.318488,0.0757137,0.120429,0.540799,0.757138,6.30942,0.838532,0.778678,0.99847
66,0.0972112,0.521904,1.99813,0.612942,0.246764,346.131,4.53275,0.894869,0.731647,0.365867,0.14714,0.215041,0.541672,0.725626,5.65343,0.892896,0.895296,0.999369
67,0.0981906,0.552207,1.99877,0.623244,0.24308,360.944,4.66472,0.870011,0.84021,0.33576,0.0777106,0.12484,0.541618,0.731345,6.23606,0.883706,0.791855,0.999905
68,0.0996275,0.671105,1.99818,0.612681,0.242368,356.908,5.16689,0.877761,0.775815,0.346517,0.0713527,0.206064,0.523982,0.767627,6.14074,0.874223,0.757494,0.999561
69,0.096928,0.60632,1.9989,0.610686,0.231176,355.208,5.1284,0.88249,0.7883,0.347686,0.0151082,0.195594,0.486285,0.677226,5.94444,0.890958,0.818312,0.999931
70,0.0999431,0.511261,1.97905,0.615571,0.228796,355.719,4.85274,0.919963,0.717621,0.389834,0.0470099,0.20664,0.521849,0.780666,6.21272,0.891981,0.803752,0.988141
71,0.0974235,0.665479,1.99889,0.611693,0.224623,361.242,5.40119,0.875162,0.816995,0.349301,0.0860575,0.205308,0.485611,0.8094,6.15027,0.885784,0.769205,0.998934
72,0.0979151,0.488954,1.99965,0.616275,0.266136,347.432,4.22056,0.899575,0.698546,0.385552,0.0579981,0.198735,0.573803,0.681311,5.39955,0.898928,0.913671,0.999945
73,0.0977043,0.655112,1.99911,0.613306,0.248549,358.929,4.88764,0.88467,0.812584,0.325301,0.113138,0.16442,0.536346,0.755207,6.09533,0.881542,0.769271,0.999774
74,0.0988215,0.605124,1.99859,0.614985,0.250372,357.354,4.73101,0.870307,0.757173,0.352742,0.0960692,0.166772,0.488439,0.767357,6.28934,0.864434,0.771533,0.999906
75,0.0985677,0.585167,1.99913,0.621328,0.236947,360.57,4.86118,0.883983,0.855879,0.320374,0.0910535,0.140973,0.516162,0.738981,6.28854,0.86151,0.790846,0.999845
76,0.0986845,0.636532,1.99812,0.614478,0.235921,357.312,5.01092,0.873049,0.845922,0.321013,0.11946,0.10518,0.531793,0.718466,6.09668,0.840783,0.818028,0.999291
77,0.0969382,0.503559,1.99934,0.616916,0.256898,347.545,4.16678,0.918777,0.656056,0.392541,0.183083,0.22257,0.556382,0.652675,5.7278,0.88452,0.898503,0.999818
78,0.0995185,0.671447,1.99999,0.613448,0.23973,359.673,5.0887,0.916919,0.831057,0.310077,0.120725,0.16447,0.549708,0.752836,6.14899,0.877023,0.747426,0.999906
79,0.0927034,0.741782,1.99639,0.607402,0.227113,362.601,5.18024,0.877017,0.900696,0.30171,0.121201,0.212606,0.563008,0.849476,6.4585,0.883631,0.755979,0.999492
80,0.099924,0.625627,1.9998,0.612507,0.239811,361.991,5.01896,0.91059,0.805539,0.317812,0.0693697,0.171242,0.505,0.751504,6.27932,0.899611,0.734341,0.999858
81,0.0988232,0.666697,1.99532,0.613044,0.215229,361.444,5.37453,0.869931,0.844876,0.33285,0.0760429,0.194649,0.517094,0.776023,6.32049,0.876026,0.779653,0.997678
82,0.0962908,0.437461,1.99726,0.61946,0.249919,349.189,4.27408,0.926508,0.697097,0.381968,0.110719,0.151169,0.552493,0.642604,6.22688,0.879351,0.854856,0.999623
83,0.0989636,0.538272,1.99734,0.619639,0.238545,355.524,4.91718,0.902211,0.768964,0.354539,0.0208299,0.147281,0.508943,0.668725,5.68179,0.901131,0.84541,0.997723
84,0.0981659,0.547548,1.99795,0.616564,0.234174,347.245,5.0327,0.845398,0.745927,0.381012,0.184631,0.169827,0.404908,0.73847,6.23296,0.872513,0.787432,0.998784
85,0.097789,0.500311,1.99852,0.61323,0.256002,350.18,4.28408,0.895721,0.694542,0.373073,0.063372,0.213845,0.536861,0.67617,5.60796,0.89854,0.915794,0.999292
86,0.0979614,0.548842,1.99988,0.612401,0.245307,348.039,4.80058,0.906507,0.735734,0.364701,0.0564109,0.186116,0.527761,0.695032,5.48493,0.89369,0.878919,0.999386
87,0.0999289,0.631428,1.99696,0.61398,0.239141,357.374,5.00253,0.906642,0.793098,0.32781,0.0624589,0.171951,0.48528,0.739589,6.03042,0.889375,0.760348,0.999423
88,0.0986686,0.635294,1.9989,0.608647,0.218279,360.423,5.40217,0.890544,0.806972,0.340137,0.0637459,0.216993,0.515292,0.740191,6.18685,0.884359,0.796181,0.999531
89,0.096525,0.494957,1.99965,0.621188,0.25978,347.053,4.25915,0.923057,0.714017,0.366055,0.0887701,0.21831,0.522543,0.664087,5.76746,0.868583,0.879695,0.997551
90,0.0956539,0.535903,1.99784,0.613346,0.249379,348.994,4.56962,0.902951,0.746541,0.34899,0.0334584,0.204323,0.507387,0.651868,5.68234,0.888445,0.889719,0.998952
91,0.0948399,0.675734,1.99758,0.611414,0.223638,355.564,5.22794,0.849381,0.799312,0.357952,0.0836993,0.215833,0.487651,0.796221,6.0316,0.890674,0.816186,0.999834
92,0.0967213,0.476334,1.99924,0.617631,0.261149,351.133,4.10315,0.914612,0.652243,0.398626,0.150141,0.213524,0.552032,0.644403,5.80491,0.881103,0.904356,0.999861
93,0.0980651,0.667254,1.99918,0.611439,0.242362,356.846,4.93819,0.891286,0.808912,0.324525,0.0874021,0.155141,0.536937,0.736023,5.81972,0.892317,0.795288,0.999573
94,0.0977402,0.484512,1.9994,0.617568,0.259793,347.993,4.32267,0.893446,0.684773,0.399876,0.0859344,0.198037,0.530709,0.676193,5.49232,0.887227,0.909494,0.999628
95,0.0996318,0.666926,1.99805,0.616445,0.249299,357.432,4.91552,0.892697,0.788284,0.332174,0.0988194,0.195516,0.528089,0.740461,5.91879,0.877695,0.775482,0.99955
96,0.0982562,0.469615,1.99941,0.622735,0.263227,347.573,4.08515,0.933036,0.664874,0.38306,0.100922,0.188694,0.56802,0.665304,5.80215,0.8895,0.881466,0.998701
97,0.0976072,0.644631,1.99902,0.626656,0.239348,360.665,4.8435,0.905484,0.790439,0.329368,0.103325,0.198624,0.462902,0.78334,6.49141,0.855422,0.759492,0.998119
98,0.0984291,0.683873,1.99666,0.613358,0.233313,362.09,5.1326,0.908336,0.824345,0.31837,0.0912055,0.162763,0.53658,0.789152,5.91775,0.8783,0.801018,0.998488
99,0.0964157,0.617501,1.99718,0.625603,0.234357,362.916,4.77498,0.876832,0.852107,0.323981,0.124856,0.140007,0.533545,0.762058,6.61792,0.852547,0.785936,0.998125
100,0.0959277,0.592637,1.99848,0.617615,0.232115,358.832,4.77527,0.892882,0.812518,0.325127,0.15144,0.169887,0.438845,0.746037,6.42279,0.820556,0.842438,0.99934
