1.40281129140807,0.770159680762858,0.172944483523255,0.691838211124736,0.73632549115142,0.235602896010393,0.181785059759299,0.0734296980302669,0.0970752908275799,0.0621193565578137,0.441010783245792,0.298657710297026,0.0583879677669127,0.2664336068429,0.264690992056238,0.0992703971922007,0.0802297382704022,0.0273770386247219,0.0609656240026971,0.0393435062977712,0.232322352257694,0.232473754462312,0.0328905608400092,0.162145245583414,0.220345387807134,0.0730462515610835,0.0749949228155005,0.0229967027649276,0.0468064323084044,0.0248090009141398,0.213685122270583,0.244428283942492,0.0260543083394183,0.150137531329729,0.166212117854496,0.0655880834824907,0.0635242890914004,0.0269351167670138,0.0598978303243959,0.022785690075093,0.151652645487746,0.232609075403214,0.0246547447258667,0.143097568927757,0.167349291597696,0.0628264881769438,0.0627464561494445,0.0344994881091328,0.043794134822447,0.0120063749137368
0.352353727740703,2.99006004637585,0.369894008030689,0.418603689211576,0.671427665497837,0.547363014894693,0.204693480335224,0.0589751202972135,0.0935191916892232,0.0479429305697644,0.116095427002727,1.21186954963976,0.152302904605101,0.158496491648935,0.196237238843626,0.144660089156277,0.0733856960251151,0.0227066626023889,0.0502112555869034,0.034234300411462,0.0946048344694148,0.843227203397573,0.112093292761234,0.103505602913899,0.166686179993999,0.126551079363479,0.0589294691022596,0.0265939884434198,0.0548058819169612,0.0298812339094864,0.0870652924898044,0.691191453362675,0.107963294798678,0.0902802049728898,0.11843570742748,0.124558253913664,0.0535019742508457,0.0358084702837856,0.0557955476767536,0.0329282848941659,0.0597514492738595,0.708613127171031,0.106357715642316,0.0756064873661983,0.107329515458275,0.1059084037969,0.0506869986562939,0.0537567473300073,0.0463487732226697,0.0325651187413915
0.16120609978469,0.761785989956192,1.43817829518846,0.59699284420118,0.421587588275885,0.49175164530758,0.282329093260115,0.109031772069395,0.1508479634036,0.0564130877612723,0.0454341210700475,0.322178778117243,0.751504308916415,0.320145905366479,0.162225649894835,0.164852757307851,0.0901293593213545,0.0281158605711925,0.0887391513566448,0.0281701394199365,0.0319440963161642,0.223494815971947,0.575269108893598,0.243970035599725,0.129743238290641,0.15256721101811,0.0773499685022966,0.0260204141851127,0.0856038595833227,0.0270767665559147,0.0290004353986484,0.162838972286223,0.47991956949721,0.185617743440536,0.113218542596406,0.141277983913295,0.074004463282886,0.0316906491526037,0.0876697693037146,0.023396796124481,0.0202838649004548,0.15061456860755,0.442309368043367,0.171551248768923,0.0991761870512233,0.167083969586507,0.067392844969999,0.0259506081646341,0.0761488557004525,0.0241967150860744
0.30311726760011,0.402435536743129,0.287364282960546,1.33490045399405,0.598945803617838,0.386417373601165,0.283957511305946,0.12366053568934,0.151670700963186,0.0352620449162683,0.106441986223028,0.13683423193568,0.119995506298742,0.619047456422303,0.281431741247188,0.162217194900965,0.137900848901855,0.0553742625130471,0.0838609029030246,0.0355377254456441,0.0706137108287415,0.0965147861648175,0.114514048285159,0.422775377677725,0.224749359863199,0.136496041925079,0.106928524590876,0.0421366498727452,0.0767632882738152,0.0300779682908961,0.0524643304863203,0.0847283901687701,0.0777603765046623,0.317484584864092,0.188870918444006,0.114736208219516,0.096414136726359,0.0335158332455082,0.0736643954443393,0.0352101285007131,0.0374012709572914,0.0812898641912704,0.0883529950662993,0.287751065785691,0.155885503033059,0.113061982322756,0.0866976898546524,0.0337816168363643,0.0704193350094081,0.0389948322609608
0.308758352109836,0.61734646713141,0.190137168523096,0.566982038462682,0.996438545095808,0.45167344985863,0.306063429106493,0.142489346542073,0.142348284258977,0.0790259031955947,0.0738672983262888,0.151834791072543,0.0610514139915692,0.295583546489414,0.378785470916703,0.198452990174975,0.152874178282454,0.0580556427172642,0.0667667786735316,0.0545530018715953,0.0569807607142361,0.118396733447535,0.0443448748198425,0.199999693460526,0.299660055253488,0.168397323150579,0.124035047548419,0.0524869160358747,0.0630545215903558,0.0493865763418647,0.0541410636383505,0.107133040231361,0.0390842310306591,0.174866955862824,0.243549436878096,0.152645417757021,0.118316959449886,0.0431213124806272,0.0656385953687346,0.0510413483534239,0.0349851543911636,0.104988628472974,0.0346909359287445,0.157923842266259,0.199760844028801,0.153410330639537,0.106123641853272,0.0357235467503794,0.0611733509658271,0.0444636977700154
0.119816250487467,0.603393726734442,0.270337279207367,0.450185108018128,0.544021157468646,0.718591569172554,0.308136747541883,0.142227604644539,0.179815249173717,0.0915826373693071,0.0488406079953614,0.191957852126483,0.0702769335338008,0.232066033180358,0.258261910109183,0.251378200587205,0.153857590471008,0.0665082873197521,0.0790344327733081,0.0422096498417912,0.0363636410681084,0.153485400641114,0.056697808520041,0.148885444319375,0.208836027184156,0.213013565335014,0.132142058829325,0.0587799687359847,0.080192238554823,0.0483546298065788,0.0386682938830293,0.146881943996,0.0483969023362403,0.120306457480793,0.169719717147973,0.198733210544642,0.126694978467521,0.0500260754354031,0.0949023480796392,0.0449089141749366,0.0271871897751178,0.120855454044256,0.0546004132568064,0.124014556864854,0.139450019426128,0.188771577745826,0.116409104255759,0.0397402021007927,0.0804071992887405,0.0456100617486624
0.0995146133517638,0.246840028247357,0.165905686513354,0.351866989718856,0.401049008436965,0.327144328370898,0.480520785182834,0.17870180489423,0.13127463684127,0.0852189707530599,0.0419938041490227,0.0740583526567117,0.0339894971132123,0.161196369336049,0.201420266735741,0.153011318039938,0.214635169325553,0.074902428464795,0.0579790861264799,0.0399516175304072,0.0224943865895208,0.0620705568886231,0.0300966607074792,0.113498340386441,0.164261799961913,0.138112746830761,0.174982705723249,0.0683934838007392,0.0566376374889673,0.0476643057796068,0.0222994201095052,0.0636968535794928,0.0251932548192104,0.101019039247852,0.134759949972409,0.125389783542944,0.157115481028472,0.0578032437767061,0.0536759165602423,0.0426390170527897,0.0128412825746797,0.0518870927827738,0.0351277991006684,0.0839101681861091,0.121320463821953,0.128393270709712,0.146482272858532,0.053214656379105,0.0491117660056564,0.0428692794717324
0.0916448437828408,0.160766052039179,0.145987142045821,0.34806045997005,0.423603403276613,0.34879584989621,0.406047713697609,0.259923803017245,0.295597248813323,0.226235911241142,0.0598662452243032,0.0550297793661686,0.0265513594716147,0.136544247218652,0.194274956703328,0.168876600896726,0.18935691219137,0.0713567980035824,0.112285341233436,0.154848701077035,0.0406907187505526,0.0472965715539719,0.0258911816722958,0.103594028445641,0.170431792439688,0.152968196006238,0.165519590244916,0.0652518056896915,0.12856611093352,0.11872307591829,0.0115749862431019,0.0478349627799008,0.0206042431695659,0.0867538856579585,0.145455189049229,0.137044062003762,0.161283899252523,0.0580327011803584,0.11429823689286,0.144280990158032,0.00723587193065727,0.0417962269581585,0.0141146149243232,0.0738889767009719,0.127797017255211,0.133273386730997,0.139649975718951,0.0409483075759052,0.0987396341694098,0.0844637694164774
0.085724653828969,0.177141099880484,0.144485395679183,0.291865054887609,0.295093851952527,0.314528310642051,0.211472784265505,0.203055931085764,0.504965566408612,0.206045662668793,0.0676464206363623,0.0815973838457803,0.0595850864939036,0.23252450563626,0.153106199020614,0.0870647717246777,0.112835192522884,0.0542145635059596,0.156032072747925,0.0858176609930325,0.042329843429833,0.0600635023377354,0.0526482924569819,0.107671235916493,0.139170815130215,0.10336164445058,0.0906660220795146,0.0510562661357351,0.162601022774213,0.0917097541406226,0.0308914988360001,0.0621113044949554,0.0691241798911256,0.0821797925040066,0.137302236103346,0.0950031106258283,0.0856166862927385,0.0492434324718252,0.17710270273293,0.0897053337246602,0.0202174840860557,0.0634392445607723,0.069166642653314,0.0845349169002331,0.114120139710977,0.0967818247828399,0.0977669862860297,0.0618515033455983,0.154751392347209,0.0796922906117095
0.0704270295582855,0.118946132718967,0.0686147581705333,0.0908672417320344,0.214471496835779,0.201228042782492,0.176283569473493,0.205512230514218,0.252629353249541,0.599989587519945,0.0170579808728146,0.0814642956414335,0.0305088169360879,0.0530032667376429,0.139342936916954,0.069840574708738,0.0809310323489778,0.0797039017822726,0.0910025868938589,0.327458365292334,0.0141022552204461,0.0612782138634054,0.0211869988588325,0.0346742118070896,0.140228400971059,0.0818629974922075,0.0898878521531844,0.0820247347860804,0.0857668472432224,0.301540100594565,0.00921419269400848,0.0462866923791909,0.0202534315512493,0.0400698728080453,0.116815133129498,0.0746072840630612,0.0942908983306077,0.0525756207561475,0.0953391849624924,0.255390855110318,0.0107700403424897,0.044762512095677,0.0189937046220058,0.0315747121592938,0.102011784166796,0.0754572819109376,0.0871195219119937,0.0405999329180632,0.0927171226461383,0.228515542996206
0.522263929154486,0.299233012846292,0.0577229073217543,0.288616086330173,0.208473928702962,0.11128856432542,0.0907929443625469,0.0568049981994885,0.0911955837407164,0.0178178797460561,1.09111594937903,0.621447857784432,0.13665219308473,0.627442669304429,0.806939433823082,0.255259304930964,0.144927611247562,0.071945869367536,0.142222021425261,0.0491587252060095,0.419410149836727,0.302296027043806,0.0514092692819857,0.186334123850706,0.266450445321245,0.105327418962657,0.0955143754773418,0.0214892173013728,0.110117204197318,0.0248827460899514,0.361993449357374,0.308709176956241,0.0377552431531869,0.171608417806786,0.20726738835951,0.0890336239211817,0.100496498030708,0.0227407325080147,0.125400256442629,0.0240379414966572,0.2196836643126,0.286855976234043,0.0363749612276588,0.155957653188176,0.185579279394137,0.102839864280674,0.0863347259041239,0.0325186606622982,0.101010245781137,0.0198691886506226
0.164207064775493,1.45580022399282,0.187610077807853,0.170152840454356,0.19880557009033,0.212771854246713,0.0739719308227531,0.0242680452882528,0.050260875899402,0.0395752333071658,0.289166301095477,2.15685219276032,0.282476825339005,0.403637306243994,0.625788089105386,0.507434942839234,0.19866872095395,0.0639042587018399,0.0983932820923313,0.0543476541180496,0.136389260086908,1.20208867288761,0.137774469912567,0.12325162131384,0.187525383207604,0.150988284533017,0.0865367310167667,0.0326154828128637,0.0674004666682389,0.0361721424922732,0.132504489472999,1.03385114502087,0.125180431188031,0.100872412988744,0.14604484201477,0.13837070101621,0.0801195170354565,0.0391601879914054,0.0687704690419575,0.0428526862382078,0.0905687621761567,0.970219755003938,0.122690088908404,0.0871439973609931,0.129748153890905,0.122518669645375,0.0670905480820373,0.0514362071051519,0.0615628663734295,0.0382759156005648
0.0631506912168756,0.364028916244437,0.871989924508676,0.289365889804331,0.157115785782622,0.14736127019935,0.0671509340499554,0.0230093959945519,0.0721559084542602,0.0291050060028564,0.124804582468485,0.560962813659635,1.33460207261431,0.495373116925731,0.379110875306687,0.499709972793715,0.31229520553563,0.0786314823176456,0.118722692776387,0.048155649761354,0.0527048466004904,0.259690129323986,0.810591914371898,0.254165061860478,0.160774165775257,0.185187276173479,0.0880393076545407,0.0262783054656996,0.111582824150639,0.0398118322317164,0.0502773521182571,0.221984525261698,0.710832829647315,0.20712608347433,0.124503857750361,0.170179422207932,0.0798508067331002,0.0309166219830215,0.116928893824976,0.0367184818988673,0.0330681392567126,0.226708450069824,0.68243745924566,0.18951636260565,0.10271811876072,0.196142187599785,0.0714468760598187,0.0402983714190459,0.103880982770935,0.0378920629192907
0.119594659705943,0.153132792879423,0.155360939713568,0.620285792513336,0.311674346946774,0.199747303065589,0.129222147563241,0.048074903312713,0.122546591752452,0.0208656688274506,0.23171320313885,0.321603962719617,0.207372887316282,1.13667837874365,0.489937686133497,0.27106350985376,0.284372643820402,0.100337696028815,0.139350513620517,0.0701048548963105,0.0787312857322351,0.119061078634809,0.117957780812564,0.469741553345391,0.262710532337084,0.161015596067424,0.129253962478757,0.0505902013183207,0.11367421558589,0.0506016092480209,0.0587659269228728,0.103349442764199,0.0995724681586948,0.401033868997078,0.225664788415693,0.145697353010949,0.113803070678737,0.0404207890476445,0.104021702205826,0.04461158690157,0.044677630624431,0.101837674464563,0.103549641070975,0.332355354906373,0.184594184192773,0.128351315256028,0.0992361002932143,0.0361104850685657,0.075745543367187,0.0303555266806507
0.11165279291582,0.180142310737723,0.0734594385345064,0.266775282879324,0.379373648642383,0.215554741958552,0.153740888205355,0.0655948571130802,0.0739813654459023,0.0510436375319288,0.286083795637355,0.480318315229629,0.147817985998225,0.466473487202008,0.833824784050023,0.345029772085162,0.234125341097194,0.117029237642444,0.125467562070478,0.0830906627323295,0.0816379098608661,0.146786857581159,0.0533008977865069,0.225325204222724,0.342550260673325,0.210150318724139,0.145361176600545,0.0629984064235102,0.0855352350483205,0.072761893940186,0.0676137031642653,0.128503529574249,0.0445437890092317,0.187735182626297,0.289952738121074,0.18391554778122,0.130259138961684,0.0497511895221416,0.0804237944160099,0.067939486131742,0.0494550367570466,0.114300307714739,0.0368020111441547,0.158972387342046,0.245931762950204,0.175853607975513,0.112764145121266,0.0469737645295482,0.0684785732501152,0.0613991947765623
0.0509008139747606,0.160394223491957,0.092507932883226,0.18755939823639,0.241013324056207,0.253118490754914,0.143055516940612,0.0687222784574887,0.050600274232016,0.0313289176346096,0.108577857016493,0.471824436920616,0.240213735194508,0.313518599600691,0.413830934557682,0.562910589264054,0.303583741391783,0.105788007665097,0.129320178082786,0.0776981382706646,0.03728349134723,0.123287650362861,0.0681063274867042,0.151201911720717,0.22868187101406,0.26318719660469,0.170075960083911,0.0689394353239202,0.0677894294771286,0.0423948695405952,0.03814359999007,0.133718208135756,0.0649530606055396,0.12900895760049,0.201512140789603,0.245149809394538,0.161809380081341,0.0576172132055259,0.0760868176683199,0.0428338950014319,0.0356295418472292,0.125731397826626,0.0652127541917295,0.116354463816289,0.167847302414659,0.248554212537763,0.146073463135715,0.0493705185391899,0.069899755918875,0.0440565876750717
0.041375561381351,0.0834227132427418,0.0500668019183063,0.161240519746206,0.18783898365935,0.154846353121842,0.200754745402018,0.0777742992608195,0.0664220961844167,0.0367634811727331,0.0631341561350612,0.188110406177601,0.149315088485827,0.330129633168185,0.288150220422482,0.302547801281485,0.517461192758146,0.172926147470331,0.131878232057624,0.128659656668882,0.0357846939810958,0.0827373612638719,0.038296195376266,0.132671353152322,0.172966779294581,0.171861732217439,0.221304874586449,0.0822474626301093,0.0784768470613435,0.0709565870948023,0.0313880777312579,0.0777851158275306,0.0303697004876197,0.114739187929159,0.14856137786196,0.159791938954568,0.199074517037505,0.0749295386678092,0.0725841409019481,0.0585312709070605,0.0234882658039516,0.0627519389788815,0.0286975904916867,0.0950175002552799,0.127978237239199,0.146449045081341,0.168863059962825,0.0638330934730749,0.0685976705075362,0.0575183385327984
0.0305175727928434,0.0552003805966256,0.0336232851951701,0.139831850600259,0.154356875431345,0.145528873026496,0.152106548189144,0.0637327386870228,0.06954050129727,0.0783665413474309,0.0677218108072978,0.129733682710245,0.0810410826778879,0.254960788957284,0.310787905262468,0.231670533990056,0.376564196641632,0.261208440344624,0.227639884757883,0.161481133124531,0.0129520436464737,0.0730126426881521,0.0327601720156393,0.114182095019456,0.162874630923016,0.157106994804454,0.185204697503382,0.0659280410415222,0.0993530585050543,0.0969630158189282,0.0445706417876882,0.073001115968998,0.0352951744122795,0.102498031512485,0.149822747452265,0.145301559745329,0.176473072853135,0.0603517590224263,0.0946784984587078,0.101708887934816,0.0106562744700103,0.0632885615463161,0.0213284308338061,0.0835253365546988,0.114946176592147,0.133945322737955,0.15302405249855,0.0521928963576733,0.0849162305832515,0.0922590853707171
0.0461577086334568,0.0821383220230476,0.0707757979308659,0.137273427685863,0.118718457842963,0.119558854846136,0.0781378995753211,0.0672006234431291,0.131725069947068,0.061597742338987,0.0888385570250942,0.132946390144513,0.0821001903545084,0.228119348882426,0.220847232174042,0.190789066075377,0.190831594243149,0.148966092871601,0.454228502305933,0.202945978420528,0.0523990370310148,0.0719808738035049,0.0567937401267943,0.0922169732414798,0.119380237242486,0.109393722486082,0.100633767281835,0.0548418560552661,0.166519347860731,0.106144252422302,0.0433887136575057,0.0697051775739543,0.076478622739836,0.0826722394131973,0.106255348091549,0.0884214020379426,0.0951861201853873,0.0566628618266603,0.181119924100501,0.0967615062100401,0.0305842099542855,0.0652429885205059,0.0651700561826013,0.0765394037564092,0.0865644874404178,0.0928255963728711,0.094806360897661,0.0591962967339517,0.156572955642478,0.0815768846580699
0.0322114379738847,0.0613265484319447,0.024742939347234,0.0651518053396655,0.106702977202697,0.0695669177315661,0.059703597679247,0.101580027226422,0.0770078756278805,0.23647254094108,0.0339857485783129,0.081179482739642,0.0364526872457765,0.125903216855701,0.163451270145714,0.122979719144404,0.204953719057318,0.118602902931649,0.21683243890809,0.595668288304731,0.0119984169515301,0.0568945479107862,0.018392301313505,0.0342249241205411,0.109157261235153,0.0633351143361631,0.0894046988244432,0.0796792301026333,0.0871339151600096,0.292372869833456,0.0132455925482494,0.04854504677567,0.0212316784124431,0.032122047955138,0.0893844167028362,0.0465651940732242,0.0741384959117481,0.0503517545583171,0.097993415363271,0.267208892236762,0.0109528873343869,0.0495509476480923,0.0203743145108481,0.0356253866381464,0.082913821080196,0.0492707392991338,0.0781514163519229,0.0397075885816642,0.0884465624565181,0.281596419082367
0.305169474761816,0.270559841522908,0.0450159006345326,0.2114900807692,0.178146439280768,0.0903020576863129,0.0538647397194647,0.0428261626530585,0.0604469984080369,0.0163390289192493,0.465209106102765,0.324830327355474,0.0640097157609378,0.23423779665429,0.255077989583883,0.0939692295027082,0.0912177248288557,0.0152624717371218,0.0923819794409663,0.0192502774179875,0.967285776141762,0.598126129910205,0.106631678116828,0.493739971087392,0.859731441478348,0.264364366722858,0.16408851160881,0.0830264477852155,0.140893041211695,0.0360822734335483,0.462239008888504,0.303609346476643,0.0424464144089803,0.160254024422545,0.222515659193795,0.105852122641087,0.115592673960888,0.022718824545887,0.114821246698188,0.0218205054881612,0.334656520239447,0.299288159663329,0.0398485080969957,0.141188288070356,0.200985728318946,0.149426912368591,0.111222782814727,0.0575479411074067,0.100365097449064,0.0188325770861647
0.138606055963651,1.09426232984837,0.140339231423848,0.130046541692495,0.167665931021266,0.182907906134339,0.0670411761874,0.0225662181924128,0.0395950825480064,0.0320865804536916,0.152342745591489,1.29829607513646,0.140689156401361,0.15971975553499,0.20754485053186,0.144400099673177,0.0950613791428273,0.0389437862634093,0.0565541180306539,0.0411229822189948,0.271957099354535,2.00200839662372,0.241779675210788,0.276413891392301,0.599947171769454,0.537030508243652,0.218100396180113,0.0778409833260154,0.113027787426751,0.0599749783281521,0.1395448726499,1.21830401762702,0.1334242353209,0.0955440837562493,0.157352108939732,0.15330758341418,0.0999471405283538,0.047852958092933,0.0735821928462177,0.0458395631113674,0.102759991742486,1.19346623542165,0.148580595185122,0.0862445828141646,0.149325419903324,0.151791954646913,0.0835747441698424,0.0582681260794185,0.0724601523525004,0.0408119690328633
0.0383923684169341,0.288845719423084,0.720393726370174,0.29716127322108,0.12327193429128,0.129034659573781,0.0641459335055353,0.0242152637955145,0.0685385450681386,0.0218137657938369,0.0506727219152154,0.295737179733433,0.87482491638463,0.30207228895523,0.147727586650473,0.152069336123975,0.0866270960676127,0.0343049095411281,0.0886416612259477,0.0262224126522918,0.0947566668225334,0.480920484368963,1.25043582060539,0.451473203601194,0.300320919296505,0.53443060761352,0.372708613082581,0.0894885911336486,0.137372466437819,0.055453283825043,0.0510784133012121,0.270746927514175,0.804700751132473,0.227187767205178,0.110985263690174,0.177245976460953,0.101701664273206,0.0356822918130801,0.109746605843633,0.0340801165765569,0.0350305576286444,0.309333354104617,0.82907182747461,0.216447034963178,0.110812410956455,0.198075189091646,0.0889213225648041,0.0509340735289821,0.0967515986620071,0.0312304310768353
0.0838880165881086,0.115848708262447,0.137775530479132,0.490882510057671,0.243919665007952,0.148983712370299,0.105294403431253,0.0423477203958238,0.0651729668021455,0.0155112432321289,0.0808951660812193,0.115110931764373,0.123844125432647,0.54316370534907,0.274473455370762,0.151054732688536,0.131221979947169,0.0522378737589434,0.0654260974291591,0.0217137600282301,0.192058421906575,0.236208143625095,0.204449086695653,0.90674080834255,0.403915323620326,0.253968202445961,0.275117479290244,0.120798496452311,0.10653250962312,0.0410506262783972,0.0581848624571361,0.0899585141273111,0.0924626930821484,0.392797457669484,0.223489993952079,0.154644149132025,0.123059856516263,0.0484711484971178,0.0739944149025646,0.0308783260347554,0.0464640600416905,0.0991760544466463,0.0877622174338713,0.350229780582993,0.198517443191844,0.146658731662063,0.112752019287104,0.0464186002089193,0.0619689145314644,0.0262244040436641
0.101840378859362,0.167981253517883,0.0643592193600124,0.234856963805525,0.330274535296175,0.191001676916027,0.13804498231088,0.0631510921702689,0.0737587536238077,0.0567564042692628,0.103876084767642,0.157194288362859,0.0686301810975141,0.274423711794838,0.377023365396714,0.20784650687592,0.154945145045556,0.0674664775629141,0.0737921617169046,0.0612956288687987,0.301967971542834,0.466674029156867,0.11910816849318,0.365705786331386,0.767991339825127,0.327831341170806,0.226389699661178,0.137246069136831,0.160156548250621,0.112304161060809,0.0821173415305461,0.145343412763607,0.050966868473459,0.204133402474454,0.314847570163782,0.205849776691338,0.151168937865796,0.0647305578823529,0.11170652984246,0.0769614497491536,0.0631818546043786,0.132406727594289,0.0481678026037183,0.172393912888904,0.272714236625027,0.201547377484688,0.134240804541762,0.0619720752809922,0.0965181653888811,0.0683710863062345
0.0390434182092292,0.145938148362242,0.0887374458153461,0.162865634673445,0.212072010952791,0.221189717131909,0.133301885840202,0.0645079422917002,0.0610840069445555,0.0378033665716421,0.0467593795663659,0.144461514463462,0.09239360161378,0.19274137679117,0.262654158784092,0.272628987799089,0.177322307613232,0.0743861928543856,0.0761910752924901,0.0406769715066936,0.105397809593552,0.478609016518984,0.244744438810594,0.261531941868006,0.371680952780645,0.575991146490534,0.299528323055901,0.118548120061988,0.176160359678335,0.113728002656766,0.0435662876706757,0.146350075135308,0.0720444312831524,0.151448859865683,0.225041600628288,0.283452394249373,0.178860945854337,0.0736955449526553,0.102903130774099,0.0634540307703165,0.0419902258246041,0.144215405778996,0.0654579844076932,0.133290746358413,0.192936831638845,0.288745282328158,0.164744790546708,0.0668464924711591,0.094155637785661,0.0658552481569622
0.0372024835237018,0.0645091927592886,0.0416161177168672,0.120815432558231,0.147301940901357,0.128992059096192,0.157973117625672,0.0654856662032239,0.0510812007959846,0.0396642964270709,0.0401460429671339,0.0788496989769307,0.0407733103118196,0.146286701755905,0.172776012287161,0.16522128887239,0.213285671160702,0.0818886170985949,0.067128522109792,0.054295119600394,0.0624192766184594,0.185455825423946,0.159778326128368,0.265520226752611,0.243872987821377,0.280111242124153,0.522929938100961,0.185878554416162,0.139996854961105,0.157385245850986,0.0335362962803832,0.077471755873022,0.0375681997758248,0.11098369670982,0.151951016626186,0.168163910962818,0.219295455976001,0.0877652068913453,0.0843194309096004,0.0675973976364857,0.027730852757676,0.0828841104575664,0.0352487724748149,0.0999050212735489,0.132759572982473,0.164413625253711,0.187645130728397,0.0767193488756161,0.0740360902107018,0.0629471446880454
0.0235731947223068,0.0593996557653094,0.0286149057534847,0.0978251246218473,0.128254233751054,0.118298085186602,0.127731574389286,0.05359312889196,0.0600632139770813,0.0741626575273353,0.0186008438124381,0.0608628593119828,0.0249055122988257,0.118193035342871,0.153739344154524,0.138831834625274,0.164236460787317,0.0606260848093004,0.0759130281244805,0.0997610357662913,0.0647916791228742,0.134616327447896,0.078586313610559,0.242814117576576,0.304447515483767,0.229903943996743,0.388113732187671,0.254238620300079,0.246590031738266,0.197483933964079,0.0444402979807139,0.077342070253774,0.0422027507875981,0.116144196946207,0.159057292559654,0.157613316673571,0.205431602403102,0.0687717589648959,0.104466724176218,0.11252719114841,0.0121269488611512,0.0657556255706901,0.0319737653694943,0.0970159147657406,0.143025377711271,0.152011110307461,0.187564486639845,0.0604496527188864,0.100033929759011,0.102430982401175
0.0302954156826389,0.0777547990481755,0.0588648619565624,0.109952317704231,0.0992067410830649,0.105757619612115,0.0669557294377997,0.0668480557859392,0.120579245062939,0.0502338390560181,0.0607916219508356,0.079464463012905,0.0663958131109082,0.158375922119365,0.134486056526505,0.087183252701843,0.09905727019071,0.0573944799217757,0.146212392728356,0.0704907067223698,0.0691099816697435,0.122938163907067,0.0757995630924292,0.133090168523331,0.225311421382315,0.218224093855779,0.184303218292478,0.153488533804659,0.483018420313963,0.220861988027564,0.0413877182055181,0.0683942577692648,0.0740251035812101,0.0763866257547665,0.110379783458025,0.0937147817091828,0.107755954762675,0.0644918782215597,0.190392447577159,0.101960417493953,0.0249016401528174,0.0648206025696679,0.0691395847614224,0.0792520918535126,0.105248946554294,0.0912865591099005,0.0941677223594341,0.0665605483834426,0.175467993457668,0.095073479231674
0.0162191746901907,0.0428233707625403,0.0189907239075694,0.0438382769651965,0.0771753534311153,0.0634914393116287,0.0568459111153458,0.0621896801581101,0.0672242292096762,0.173880999933115,0.0137365275380023,0.0430867829392659,0.0240645027789962,0.0719541702563436,0.114093417393363,0.0542044774064013,0.0903731869623611,0.0568672295228233,0.0919127977945782,0.233463770796835,0.0179582195052889,0.0664924554756443,0.0310579738604936,0.0523869048147664,0.159314652892138,0.138712271853438,0.207751383261739,0.125950058808683,0.219502751639385,0.586150546148076,0.0100224020112903,0.0405376929804512,0.0214861751742048,0.0354431819602946,0.0988228565432145,0.0550866523760155,0.082827945315877,0.0625520226447591,0.110051710335067,0.314235458320966,0.00606741657981683,0.0471843545980158,0.0234039319674693,0.0339886742489602,0.0865787375792642,0.056133200622048,0.0717866389665913,0.0599594564992658,0.114353029457772,0.356221277012438
0.289876111943497,0.257149799742284,0.0422053885741734,0.162599287353448,0.17486552896943,0.099295646358203,0.0552002991772114,0.0125812077100258,0.0470586294526281,0.011025111987594,0.414665620911908,0.325839243045375,0.0630602648302989,0.180953778654548,0.21840321636896,0.0998168057737187,0.0825881699757681,0.0542404781225682,0.0795430063475158,0.021946864490939,0.477369470952059,0.317018216354096,0.0593610964760688,0.153901080933745,0.241484603442388,0.111969575178436,0.0910190898330928,0.0588114967790679,0.0864155482213538,0.0207965112062401,1.04232848856982,0.600084441591522,0.104760523081722,0.425676671873793,0.77644219830298,0.290211256461136,0.184710654814594,0.0800138962764634,0.146551822724681,0.0530398005549425,0.423823660089305,0.334673441962881,0.050369789212134,0.11804818472963,0.208119138944542,0.153257438883418,0.10212139838751,0.0293475653688218,0.119722522722939,0.02184527691509
0.145813699124875,0.896833023719289,0.102178222539315,0.114042467214486,0.151304738036172,0.175805291002302,0.0689041401072951,0.0227571995875235,0.0413549454672686,0.0242046509618722,0.155347240404552,1.11493878078137,0.119915929515004,0.138786787098419,0.18174229378233,0.15696576847881,0.0893837825529667,0.0389181927790037,0.0549703249668528,0.0349857943354281,0.137848299579895,1.21685514535459,0.135515009381419,0.103779901352675,0.187330749516867,0.166201896832388,0.0917226522868487,0.0447090399892409,0.0621871657894328,0.0364320016914281,0.264160781574477,2.01493024529731,0.240837920957784,0.250284312653687,0.566454146599184,0.619970909536973,0.215766347278129,0.0769660038108246,0.108940140905609,0.0684856136503701,0.104945557936831,1.38208758788205,0.162968862378949,0.0840760206947107,0.17524101336765,0.21943529312408,0.0965864395201721,0.0546275928764824,0.0626225975356396,0.0473190768883191
0.0309732336268951,0.283490233681279,0.612069448428233,0.207305765652304,0.110712743986128,0.110928812010153,0.0546948105226582,0.0196258002175429,0.0919171258422447,0.0212370013051071,0.0379003698742464,0.273519863003535,0.781303425417961,0.260982817688401,0.125834245992862,0.147375497497605,0.0699583061510572,0.0376407971030831,0.124184539816445,0.0308286335982628,0.038414741558421,0.270739981394647,0.81953551956795,0.209138887950134,0.131048067766186,0.158811069120156,0.0894286645432296,0.0489434847346021,0.137152120866636,0.0390702900813503,0.0918050383175325,0.48848152427625,1.23910560672532,0.388241742235565,0.284356971492816,0.546083434504158,0.372528091961632,0.0950056963256834,0.165857697233356,0.0722082442235054,0.0327951788431025,0.325015871146286,0.954130104067266,0.224604690625379,0.106552598453963,0.22672975174318,0.0841965413027636,0.05560424469644,0.123961826962395,0.0395756534545147
0.0861923299409138,0.111576007208328,0.116925665126218,0.411173060182216,0.239686062326403,0.134503343449549,0.104677241423834,0.0394616089197256,0.0551062129888204,0.0199263717127054,0.0834004952810697,0.104869080993171,0.112926419818934,0.519052805402973,0.256296686953346,0.144595655568912,0.126941679575436,0.0526608488514571,0.0654457296128342,0.0226799865490566,0.0701912656151347,0.0925757758744771,0.115700860324709,0.438841636109987,0.253145364651824,0.163674005720365,0.127017498675549,0.0647909919787292,0.0691036639821953,0.031288882658937,0.178342337234636,0.239100279615657,0.193281303170715,0.964900403779811,0.403962381389776,0.274731949688475,0.337980098134997,0.124907950439812,0.128336727356653,0.0624258394336956,0.0511331068094097,0.100545760232903,0.116062268282963,0.42026049288131,0.231550609268826,0.178690378229798,0.143296079741756,0.0507609389269269,0.0632954231478891,0.0246673666121226
0.0822080587799071,0.127942708201523,0.0600785178936913,0.212024752339076,0.287833227490849,0.166295280131603,0.121601939269268,0.0576263058106948,0.0780316539100242,0.0510231238100142,0.086583740249492,0.131255741237549,0.0569644325157847,0.25383583379439,0.342258012642403,0.195793177678419,0.142757365617925,0.0664669113637923,0.0703110287852391,0.0540738866758973,0.0837945289630063,0.130764031373939,0.0470398575599565,0.217017805405307,0.337717590777136,0.210757677505186,0.150944122853136,0.0767558511190848,0.0832268329886848,0.0748372476047676,0.283166918545936,0.471663131612728,0.118265730651884,0.352388761311424,0.784433376647462,0.353359656908442,0.25106125513078,0.138944606259619,0.174942877022461,0.107062359450411,0.0679078301409226,0.147547832650647,0.0466048934117181,0.191068347813701,0.326411424709022,0.236748936011722,0.170919513235243,0.0738212839802479,0.0958368152144348,0.0735451191766598
0.0349786548397714,0.142358416186996,0.0814573015762659,0.136071859634429,0.191401507367247,0.206758249763668,0.120914967746533,0.057726409308018,0.0557610434346941,0.0344487695857902,0.0396452038131587,0.132125282208945,0.0841995360631282,0.173499767731026,0.229664964708953,0.253056952313902,0.164330918265166,0.0685762416004744,0.0614710998691467,0.0299908392389815,0.0424947183164193,0.13530826423717,0.0809678598337948,0.159142153557404,0.234090579882295,0.282137452688661,0.178625982398978,0.0812195308315261,0.0754009165527248,0.0444619837168804,0.111923432323989,0.550637239564965,0.244751126145758,0.251177934017249,0.374516470383353,0.632266298198542,0.323059503668963,0.112352633491345,0.165835424893931,0.127516812773612,0.0463721014671967,0.194804375932975,0.089615577715302,0.143485481109064,0.217051784733183,0.323083107761697,0.198695994623029,0.0769341081746211,0.0845496472062341,0.0614358102608548
0.0308868443804476,0.0575443252549896,0.0392003083239813,0.107141925309357,0.138025470092424,0.121582824599426,0.139263007446686,0.062628221223403,0.0475461927914116,0.0410195226994689,0.0415324808083376,0.0716190606091688,0.0361580726560502,0.126512292153251,0.15188055045842,0.154516442382004,0.188450554243917,0.0766436021843183,0.0626852466696813,0.044336949896263,0.0431210640548907,0.082414878007974,0.0426460458114023,0.117969704918017,0.159745872118609,0.16448981933756,0.215309088446796,0.0970888991998128,0.0809891448672463,0.0620386504223113,0.0665028967035241,0.180206783166359,0.15315951181471,0.284748633209093,0.246839543684647,0.297451474426369,0.594343253638887,0.189364549368234,0.143885512989446,0.152235894971904,0.0308207998064204,0.0999047759692493,0.0366516467832634,0.10795656155628,0.158939688455781,0.186160367152852,0.228923077201785,0.0899046387597377,0.0876524211851156,0.0699665925976743
0.0271506617026681,0.078987638526605,0.0342703022040783,0.0766952051185971,0.103637901362573,0.0990120407739567,0.10615454445602,0.0468703340147391,0.057049813083761,0.046744825429661,0.0193564264861345,0.0720285922961189,0.0288136875760197,0.0925742082422397,0.119712334730599,0.113659797790915,0.147245850077612,0.0545742741276472,0.077513191718535,0.0619924946514282,0.0174340111530485,0.0814650520005463,0.0308134744467788,0.0958998030926655,0.141295320378112,0.140236094039683,0.179278001275382,0.0676267966997762,0.100599152169305,0.0964458259909005,0.0594550615225391,0.131106414412614,0.0805571700857811,0.219128739404334,0.283080551103027,0.215000449289803,0.396342770615749,0.285028959786539,0.274300621545349,0.192814323067897,0.0136972205500877,0.0758812891235143,0.0328006828284081,0.0817596896093389,0.149463770871743,0.149948830049042,0.191677852052042,0.0686888022504932,0.120397263504027,0.11744230353661
0.0378345671434397,0.0764570564061981,0.0581188960022456,0.102884714655281,0.0993355330236953,0.120475863919095,0.061613303441181,0.0574945936007471,0.127456654629873,0.0536637389870502,0.0671025695979943,0.0782892481663853,0.0670323016615387,0.142076882699183,0.121974531067806,0.0946862760204506,0.0887854098566249,0.0531421805493936,0.153024432750009,0.0762704341354553,0.0550207608706897,0.0778071601315455,0.0583569490633718,0.0886489158412954,0.152980557321465,0.123043628712287,0.106849465884831,0.0636584366604575,0.183628125048753,0.106311839221403,0.0679180380104629,0.114885034648287,0.0870733661525559,0.13790753795656,0.221613408055879,0.198922631644874,0.185389694631389,0.167849188433223,0.539396355428876,0.247889453509069,0.0374941029944614,0.0795386460041178,0.0903393289768021,0.109540122252535,0.11777917415072,0.109050052466081,0.116009297339789,0.0780391364996231,0.22292743145202,0.122721363486768
0.013454679795147,0.0425336250629523,0.0148215223843773,0.0460508397858865,0.0720359099297152,0.0532391959053561,0.0459268716340102,0.0682627848339082,0.0587949934036561,0.133016066273705,0.0119858166899554,0.0460833756336172,0.020046619582809,0.0575326215740128,0.0963400733580799,0.0494394544521366,0.0672323669171594,0.0538773921223286,0.0756641761066264,0.192719222988841,0.00980902618323688,0.0458013186522222,0.0172400541991455,0.0349196162918477,0.0987348182449335,0.0704546566833358,0.0800995776527608,0.0648210090500584,0.0918688585850577,0.283822547313691,0.0230873943476702,0.0686448945586758,0.0358666624705929,0.064951122621216,0.127840112633169,0.14191680153453,0.184305773071267,0.112950697401303,0.231242441217852,0.726707662445603,0.00820924041976302,0.0520786635909753,0.027759413759636,0.0377009504024353,0.0790833908311314,0.063584303138621,0.0779547054703436,0.0718574400087278,0.129196430307848,0.423356225094441
0.228832442307521,0.196064971019799,0.0328354942112952,0.129731668853342,0.125735938790791,0.0779086570194194,0.0353005872757588,0.0087482701074401,0.0339104821943668,0.0143341687350974,0.279913951993726,0.24763057862797,0.046134159635576,0.153220361614598,0.178090388422027,0.103404498222904,0.0688180290604533,0.0144247894442197,0.0617851043063513,0.0201864139234962,0.384429584375819,0.259853794832443,0.0452836088338239,0.137166586621947,0.206764138552329,0.119214194072083,0.0838048564946829,0.0178511532995765,0.0581437071143407,0.0140039948615259,0.471427226483663,0.265244105190688,0.0416265682758281,0.135386422500258,0.207037470611269,0.13088349263936,0.0953702557247382,0.0205039955053033,0.0895255763009862,0.0209777738533512,0.991753228998189,0.618928310621577,0.105057152994378,0.347715855540469,0.833168706000321,0.435940011683935,0.152350873994259,0.161842706595519,0.167228201513445,0.0518756337282449
0.139670146366802,0.913997745392204,0.0926124892775816,0.109527625480252,0.147598757455237,0.141884522850009,0.0560318424608343,0.019890626197255,0.0424561936622637,0.023587278191153,0.144998663088013,1.04179638050963,0.120633961890122,0.136401805512827,0.161989877270692,0.146780726141316,0.0721542870088836,0.0340100425004792,0.0513924765745356,0.035903702684391,0.136572050571058,1.1885387918132,0.152744941049868,0.11453713625821,0.170743934585852,0.162601471027921,0.0979870587817659,0.0379770596663894,0.0593015040874378,0.0424807142197504,0.148218192066903,1.37880924721196,0.158193198285611,0.102989997073606,0.177371110842966,0.221255868998816,0.119836899004505,0.0442882118469651,0.0756171838387441,0.0516786077929412,0.246160791757518,2.65148021139299,0.292009212237991,0.258316476532678,0.526529054652187,0.73906344772619,0.249678897212536,0.0828916523128748,0.117701672199155,0.0798469809132316
0.028018018973837,0.267109682211659,0.539247692645636,0.224548204645439,0.0940887177576065,0.117499635247782,0.0729913661341102,0.012851968605771,0.0904318658783284,0.0190385632867751,0.034905883170672,0.256336646046112,0.717042707586903,0.258102175576893,0.0996926750027909,0.140558945851321,0.0631596228120408,0.0217436425150974,0.100443442316266,0.0282802255928602,0.0344745723232504,0.287958335372164,0.807152222767294,0.189572801337712,0.118233244890769,0.137495825564911,0.080301682687021,0.0354468646403229,0.122775136599371,0.0406823718887441,0.0421957690211952,0.316203452111468,0.912089620639251,0.221281834525626,0.107112898182282,0.190488780358613,0.0858556589781978,0.0369792623462266,0.164935989098879,0.0534239535847414,0.0791215774399523,0.573329699513419,1.86481712539904,0.470139073643719,0.223229644943811,0.605877464361042,0.389861421377979,0.106781676586578,0.183475961298154,0.0701320259679522
0.0983052411079842,0.113418516710439,0.12713606315884,0.444239185790615,0.259274117390069,0.162937098546777,0.104679299111753,0.0405526170272625,0.0695016712940034,0.0191316070294882,0.0906169099808995,0.109001138775073,0.121164904057726,0.510757572816364,0.260764172486316,0.155808943024613,0.126516416919943,0.0514029989232763,0.0739568666282894,0.030006412591023,0.0738768316594839,0.100024260771396,0.128336289422914,0.464612795726253,0.256344890495395,0.172219182161269,0.137872584781287,0.0648212278748564,0.0868864548998143,0.0358943920422197,0.0595291752124926,0.0976463257162323,0.130745787169011,0.498205028577352,0.264342322442875,0.186562190869836,0.151607247487344,0.0555346223014372,0.122807052767434,0.0441594883534068,0.157428402578455,0.29688117524324,0.2865241789839,0.995932710140816,0.432926291773029,0.328115164056122,0.389531112197981,0.137306230674164,0.166277707683674,0.0709734923421431
0.09762350829009,0.137516877640917,0.0626160944260393,0.210068345110205,0.282166546198433,0.161588141139613,0.131796725206077,0.0603911548965989,0.0776824893623166,0.0541747679932106,0.0913402139006216,0.138121184723897,0.0559047510360342,0.249149827992717,0.347636505001803,0.193107301901447,0.147350740212158,0.0605018410813294,0.0675391139589312,0.059998209661518,0.0895355369561777,0.146305372932264,0.0556103621069636,0.23120640750344,0.349235634065997,0.213613581756756,0.157689798662489,0.0820245087519798,0.0932451455552834,0.0787690953432564,0.0903096237376661,0.172090899776213,0.0523603547153871,0.241476718215236,0.390311312493438,0.240763608984021,0.192791417105883,0.0872750287739376,0.108765673816789,0.0793268696421811,0.325210827521925,0.514328216334074,0.11430042431104,0.376326050908759,0.838634543211624,0.449597429471747,0.304668389945676,0.162044381019031,0.218832562778636,0.133372591870165
0.0334667198274412,0.122582105127669,0.095586221206333,0.135224891531918,0.193577963410865,0.195256056669131,0.124155437828764,0.0564737670871649,0.0584459607724137,0.0352573233795161,0.0460706778789879,0.118287170108207,0.0966998695641679,0.153557602438119,0.221077074535758,0.255484404512036,0.150885262730626,0.0636054708804023,0.0649730062252805,0.0319585993735629,0.06027288206116,0.135593355167914,0.0904483748745279,0.15113210665305,0.230660815536178,0.287875616988954,0.174898538248879,0.0786532814733159,0.0736112315260999,0.0456837994645867,0.0600026607389927,0.195935581217297,0.101653816317386,0.165107168345391,0.253674725392615,0.32408980542288,0.20219074297008,0.0789360804825566,0.0914147321313129,0.0572712617405802,0.153198565436478,0.664825008507594,0.28370778255281,0.25353134907389,0.408222679479723,0.727775159149834,0.351114898900113,0.118751657899234,0.19066901956443,0.150779989863844
0.0306380121836036,0.0544374767312362,0.0354508224354444,0.0962983472207355,0.123535146718044,0.111824307214537,0.129853894745603,0.0543390783046749,0.0546422954404344,0.0375831317264434,0.0356004022310814,0.0598262694531456,0.0322727516988359,0.110074703482871,0.131382431562721,0.139258455796474,0.160081936704171,0.0666556443421143,0.0623226161375839,0.0466935672603555,0.0414010924515415,0.0689352347630379,0.037143352786725,0.108241073689858,0.141882109977054,0.151508473526393,0.184445542994445,0.0889444216291063,0.0706505312995378,0.0536556799671781,0.0367111403315416,0.0797291338636695,0.0345968759366485,0.123039123963727,0.168514866565305,0.183303664452134,0.229313991994106,0.0924111096000401,0.0902730110777447,0.0645981883277376,0.0492159693527774,0.210240255301535,0.167298204370545,0.2761067634861,0.25188193113414,0.322635535073633,0.630862217565248,0.18688742675715,0.150321336028988,0.147456088178846
0.0352316940939162,0.120189619669558,0.0284310997038312,0.0776843597871677,0.0871324944880795,0.0796391080322167,0.0990369985839826,0.0335058422133066,0.0723352090871671,0.0365707417078505,0.0280422400208837,0.0958041707915319,0.0380499089315416,0.0836069043061467,0.114515461647963,0.0987556559609098,0.126909044067768,0.0478155056428723,0.0819002109222609,0.0495287465770348,0.0447404730624604,0.100450041515127,0.0445610751430747,0.0927988685719674,0.137141662160504,0.128846391940528,0.158587201112891,0.0602229206435609,0.105364800031206,0.0936610638591497,0.0220930060749437,0.0943358321832075,0.0477663241197551,0.0905743144597949,0.152351041994836,0.148663824110453,0.189504117238994,0.0695897478504676,0.127576789420267,0.124274331486851,0.109533358194428,0.143910801846741,0.0959578913466739,0.204759778220188,0.279831656760239,0.228605228507321,0.393532196655394,0.282560246249877,0.298631375348935,0.278056990548266
0.027306269968227,0.0632292988529337,0.0501969141963525,0.0980202240963857,0.0917274044597209,0.0999574061283769,0.055536112586559,0.049248525252578,0.109535724239048,0.0513272512197539,0.0536629538323103,0.0695092046038716,0.058911830237225,0.102429745274677,0.101971060870246,0.0864136139716927,0.0831913223479649,0.0473595614846875,0.130559751850959,0.0675082805146205,0.0477805906886598,0.0758356819346096,0.0509311003136046,0.0738693589229421,0.130345568973573,0.11194553415637,0.0928410538893759,0.0606622220801902,0.167546886398278,0.108926897593167,0.0554653691849801,0.0661135544461534,0.0643440090448041,0.0673721387195284,0.121464593047751,0.100104334019529,0.11160303055524,0.0741870191939811,0.220328350248841,0.13594118927182,0.0692621228632553,0.123934915042744,0.10003200906292,0.148700465432282,0.232371268806439,0.225375499542069,0.192436857806362,0.18045661909297,0.524313736773912,0.301017752801058
0.00669375461200529,0.0396273339112304,0.0144723661112349,0.0486525434030461,0.0592090940630546,0.05126075164302,0.0436131152635433,0.0377304558977106,0.0498850122825275,0.112372801728105,0.00935399636747167,0.0389144923777645,0.0195322101229569,0.0373529978454267,0.0823386595739758,0.04801571154807,0.0622192405647701,0.0461427539590156,0.0604201511004046,0.191755559161337,0.00799314233588731,0.0385023753881658,0.0149163388386691,0.028063558661244,0.0827802762170199,0.0692938698828857,0.0701764385197783,0.055710409801554,0.0809040198604189,0.303779362706111,0.00897795241397135,0.0449280103357174,0.0185600431420281,0.0235020085783858,0.0828928032343725,0.0648079427266272,0.0792814110918589,0.0649562421177412,0.10838196573452,0.39971703407832,0.0191669803199343,0.0754380933562979,0.0344062512878796,0.0574733571442639,0.126864830039392,0.158356093815198,0.168403399972846,0.151799670745466,0.268046497763475,0.863238777364581
